{"client_meta":{"background_color":{"r":0.8705882430076599,"g":0.8705882430076599,"b":0.8705882430076599,"a":1},"thumbnail_size":{"width":400,"height":112},"render_coordinates":{"x":-15408,"y":-18719.552734375,"width":54701,"height":15310.552734375}},"file_name":"숙명여자대학교 시각영상디자인과 학과 홈페이지 (SMVD)","developer_related_links":[],"exported_at":"2026-02-12T06:32:34.048Z"}